{"type":"result","subtype":"success","is_error":false,"api_error_status":null,"duration_ms":66054,"duration_api_ms":60761,"ttft_ms":57565,"ttft_stream_ms":1033,"time_to_request_ms":13,"num_turns":1,"result":"Looking at each number from 101 to 499, I need to check if the number is divisible by the sum of its digits.\n\nLet me systematically go through the hundreds:\n\n**100s:** 102(÷3), 108(÷9), 110(÷2), 111(÷3), 112(÷4), 114(÷6), 117(÷9), 120(÷3), 126(÷9), 132(÷6), 133(÷7), 135(÷9), 140(÷5), 144(÷9), 150(÷6), 152(÷8), 153(÷9), 156(÷12), 162(÷9), 171(÷9), 180(÷9), 190(÷10), 192(÷12), 195(÷15), 198(÷18)\nSubtotal: 3,603\n\n**200s:** 200, 201, 204, 207, 209, 210, 216, 220, 222, 224, 225, 228, 230, 234, 240, 243, 247, 252, 261, 264, 266, 270, 280, 285, 288\nSubtotal: 5,926\n\n**300s:** 300, 306, 308, 312, 315, 320, 322, 324, 330, 333, 336, 342, 351, 360, 364, 370, 372, 375, 378, 392, 396, 399\nSubtotal: 7,605\n\n**400s:** 400, 402, 405, 407, 408, 410, 414, 420, 423, 432, 440, 441, 444, 448, 450, 460, 465, 468, 476, 480, 481, 486\nSubtotal: 9,660\n\n**26794**","stop_reason":"end_turn","session_id":"8f668d08-4763-45c6-9672-c525ce476921","total_cost_usd":0.091305,"usage":{"input_tokens":10,"cache_creation_input_tokens":6617,"cache_read_input_tokens":0,"output_tokens":15475,"server_tool_use":{"web_search_requests":0,"web_fetch_requests":0},"service_tier":"standard","cache_creation":{"ephemeral_1h_input_tokens":6617,"ephemeral_5m_input_tokens":0},"inference_geo":"not_available","iterations":[{"input_tokens":10,"output_tokens":15475,"cache_read_input_tokens":0,"cache_creation_input_tokens":6617,"cache_creation":{"ephemeral_5m_input_tokens":0,"ephemeral_1h_input_tokens":6617},"type":"message"}],"speed":"standard"},"modelUsage":{"claude-haiku-4-5-20251001":{"inputTokens":581,"outputTokens":15498,"cacheReadInputTokens":0,"cacheCreationInputTokens":6617,"webSearchRequests":0,"costUSD":0.091305,"contextWindow":200000,"maxOutputTokens":32000}},"permission_denials":[],"terminal_reason":"completed","fast_mode_state":"off","uuid":"d884face-7bae-42ac-b0e4-beb30160ed70"}
