{"type":"result","subtype":"success","is_error":false,"api_error_status":null,"duration_ms":82022,"duration_api_ms":81881,"ttft_ms":76800,"ttft_stream_ms":3164,"time_to_request_ms":13,"num_turns":1,"result":"**26794**\n\nChecking every n from 101 to 499 against its digit sum gives 94 Harshad numbers:\n\n- **101–199** (25 numbers): 102, 108, 110, 111, 112, 114, 117, 120, 126, 132, 133, 135, 140, 144, 150, 152, 153, 156, 162, 171, 180, 190, 192, 195, 198 → sum 3603\n- **200–299** (25 numbers): 200, 201, 204, 207, 209, 210, 216, 220, 222, 224, 225, 228, 230, 234, 240, 243, 247, 252, 261, 264, 266, 270, 280, 285, 288 → sum 5926\n- **300–399** (22 numbers): 300, 306, 308, 312, 315, 320, 322, 324, 330, 333, 336, 342, 351, 360, 364, 370, 372, 375, 378, 392, 396, 399 → sum 7605\n- **400–499** (22 numbers): 400, 402, 405, 407, 408, 410, 414, 420, 423, 432, 440, 441, 444, 448, 450, 460, 465, 468, 476, 480, 481, 486 → sum 9660\n\nTotal: 3603 + 5926 + 7605 + 9660 = **26794**","stop_reason":"end_turn","session_id":"90797931-5908-4c7d-95b3-9191dfdd2561","total_cost_usd":0.536486,"usage":{"input_tokens":2,"cache_creation_input_tokens":4034,"cache_read_input_tokens":0,"output_tokens":9102,"server_tool_use":{"web_search_requests":0,"web_fetch_requests":0},"service_tier":"standard","cache_creation":{"ephemeral_1h_input_tokens":4034,"ephemeral_5m_input_tokens":0},"inference_geo":"not_available","iterations":[{"input_tokens":2,"output_tokens":9102,"cache_read_input_tokens":0,"cache_creation_input_tokens":4034,"cache_creation":{"ephemeral_5m_input_tokens":0,"ephemeral_1h_input_tokens":4034},"type":"message"}],"speed":"standard"},"modelUsage":{"claude-haiku-4-5-20251001":{"inputTokens":571,"outputTokens":23,"cacheReadInputTokens":0,"cacheCreationInputTokens":0,"webSearchRequests":0,"costUSD":0.000686,"contextWindow":200000,"maxOutputTokens":32000},"claude-fable-5":{"inputTokens":2,"outputTokens":9102,"cacheReadInputTokens":0,"cacheCreationInputTokens":4034,"webSearchRequests":0,"costUSD":0.5358,"contextWindow":1000000,"maxOutputTokens":64000}},"permission_denials":[],"terminal_reason":"completed","fast_mode_state":"off","uuid":"aabee737-1e18-41e0-9a24-77d7096e3ba2"}
