{"type":"result","subtype":"success","is_error":false,"api_error_status":null,"duration_ms":55710,"duration_api_ms":55817,"ttft_ms":50755,"ttft_stream_ms":3623,"time_to_request_ms":10,"num_turns":1,"result":"**26794**\n\nI checked every integer from 101 to 499 against its digit sum. The Harshad numbers in each hundred are:\n\n- **100s** (sum 3603): 102, 108, 110, 111, 112, 114, 117, 120, 126, 132, 133, 135, 140, 144, 150, 152, 153, 156, 162, 171, 180, 190, 192, 195, 198\n- **200s** (sum 5926): 200, 201, 204, 207, 209, 210, 216, 220, 222, 224, 225, 228, 230, 234, 240, 243, 247, 252, 261, 264, 266, 270, 280, 285, 288\n- **300s** (sum 7605): 300, 306, 308, 312, 315, 320, 322, 324, 330, 333, 336, 342, 351, 360, 364, 370, 372, 375, 378, 392, 396, 399\n- **400s** (sum 9660): 400, 402, 405, 407, 408, 410, 414, 420, 423, 432, 440, 441, 444, 448, 450, 460, 465, 468, 476, 480, 481, 486\n\nTotal: 3603 + 5926 + 7605 + 9660 = **26794**","stop_reason":"end_turn","session_id":"92d85939-8301-4489-a7cc-23d984dce83c","total_cost_usd":0.365861,"usage":{"input_tokens":2,"cache_creation_input_tokens":4033,"cache_read_input_tokens":0,"output_tokens":5690,"server_tool_use":{"web_search_requests":0,"web_fetch_requests":0},"service_tier":"standard","cache_creation":{"ephemeral_1h_input_tokens":4033,"ephemeral_5m_input_tokens":0},"inference_geo":"not_available","iterations":[{"input_tokens":2,"output_tokens":5690,"cache_read_input_tokens":0,"cache_creation_input_tokens":4033,"cache_creation":{"ephemeral_5m_input_tokens":0,"ephemeral_1h_input_tokens":4033},"type":"message"}],"speed":"standard"},"modelUsage":{"claude-haiku-4-5-20251001":{"inputTokens":571,"outputTokens":22,"cacheReadInputTokens":0,"cacheCreationInputTokens":0,"webSearchRequests":0,"costUSD":0.000681,"contextWindow":200000,"maxOutputTokens":32000},"claude-fable-5":{"inputTokens":2,"outputTokens":5690,"cacheReadInputTokens":0,"cacheCreationInputTokens":4033,"webSearchRequests":0,"costUSD":0.36518,"contextWindow":1000000,"maxOutputTokens":64000}},"permission_denials":[],"terminal_reason":"completed","fast_mode_state":"off","uuid":"5913c213-2b99-44a3-846c-d11fdcc863f7"}
